ESC Armed, Spooling up in 2 seconds
Time_ms,Pitch_deg,Error_deg,Gimbal_deg
52435,0.00,0.00,0.00
52456,0.00,0.00,0.00
52476,0.00,0.00,0.00
52497,0.00,0.00,0.00
52517,0.00,0.00,0.00
52538,0.00,0.00,0.00
52558,0.00,0.00,0.00
52579,0.00,0.00,0.00
52599,0.00,0.00,0.00
52620,0.15,-0.15,1.64
52640,0.15,-0.15,1.22
52661,0.15,-0.15,0.94
52681,0.30,-0.30,2.39
52702,0.30,-0.30,1.85
52722,0.30,-0.30,1.49
52743,0.15,-0.15,-0.39
52763,0.15,-0.15,-0.13
52784,0.15,-0.15,0.04
52804,0.15,-0.15,0.16
52825,0.15,-0.15,0.23
52845,0.15,-0.15,0.28
52866,0.15,-0.15,0.32
52886,0.15,-0.15,0.34
52907,0.15,-0.15,0.35
52927,0.30,-0.30,2.00
52947,0.30,-0.30,1.59
52968,0.30,-0.30,1.32
52988,0.30,-0.30,1.13
53009,0.30,-0.30,1.01
53029,0.30,-0.30,0.93
53050,0.30,-0.30,0.88
53070,0.30,-0.30,0.84
53091,0.30,-0.30,0.82
53111,0.30,-0.30,0.80
53132,0.15,-0.15,-0.85
53152,0.15,-0.15,-0.44
53173,0.15,-0.15,-0.16
53193,0.15,-0.15,0.02
53214,0.15,-0.15,0.14
53234,0.15,-0.15,0.22
53255,0.15,-0.15,0.28
53275,0.15,-0.15,0.31
53296,0.15,-0.15,0.34
53316,0.15,-0.15,0.35
53337,0.30,-0.30,2.00
53357,0.30,-0.30,1.59
53378,0.30,-0.30,1.31
53398,0.30,-0.30,1.13
53419,0.30,-0.30,1.01
53439,0.30,-0.30,0.93
53459,0.30,-0.30,0.88
53480,0.15,-0.15,-0.80
53500,0.15,-0.15,-0.40
53521,0.15,-0.15,-0.14
53541,0.15,-0.15,0.03
53562,0.15,-0.15,0.15
53582,0.15,-0.15,0.23
53603,0.15,-0.15,0.28
53623,0.15,-0.15,0.31
53644,0.15,-0.15,0.34
53664,0.30,-0.30,1.99
53685,0.30,-0.30,1.58
53705,0.30,-0.30,1.31
53726,0.30,-0.30,1.13
53746,0.45,-0.45,2.65
53767,0.45,-0.45,2.15
53787,0.45,-0.45,1.82
53808,0.45,-0.45,1.59
53828,0.30,-0.30,-0.19
53849,0.30,-0.30,0.13
53869,0.30,-0.30,0.34
53890,0.15,-0.15,-1.15
53910,0.15,-0.15,-0.64
53931,0.15,-0.15,-0.30
53951,0.15,-0.15,-0.07
53971,0.15,-0.15,0.08
53992,0.15,-0.15,0.18
54012,0.15,-0.15,0.25
54033,0.15,-0.15,0.29
54053,0.15,-0.15,0.32
54074,0.15,-0.15,0.34
54094,0.30,-0.30,1.99
54115,0.30,-0.30,1.59
54135,0.30,-0.30,1.31
54156,0.30,-0.30,1.13
54176,0.30,-0.30,1.01
54197,0.45,-0.45,2.57
54217,0.30,-0.30,0.46
54238,0.30,-0.30,0.56
54258,0.30,-0.30,0.63
54279,0.30,-0.30,0.68
54299,0.30,-0.30,0.71
54320,0.15,-0.15,-0.91
54340,0.15,-0.15,-0.48
54361,0.15,-0.15,-0.19
54381,0.00,0.00,-1.64
54402,0.00,0.00,-1.09
54422,0.00,0.00,-0.73
54443,0.00,0.00,-0.48
54463,0.00,0.00,-0.32
54483,0.00,0.00,-0.22
54504,0.00,0.00,-0.14
54524,-0.15,0.15,-1.73
54545,-0.15,0.15,-1.28
54565,-0.15,0.15,-0.98
54586,-0.15,0.15,-0.78
54606,0.00,0.00,0.99
54627,0.00,0.00,0.66
54647,0.00,0.00,0.44
54668,0.00,0.00,0.29
54688,0.15,-0.15,1.83
54709,0.15,-0.15,1.35
54729,0.15,-0.15,1.03
54750,0.15,-0.15,0.81
54770,0.15,-0.15,0.67
54791,0.15,-0.15,0.57
54811,0.15,-0.15,0.51
54832,0.15,-0.15,0.47
54852,0.15,-0.15,0.44
54873,0.00,0.00,-1.22
54893,0.00,0.00,-0.81
54914,-0.15,0.15,-2.18
54934,-0.15,0.15,-1.58
54955,-0.30,0.30,-2.82
54975,-0.30,0.30,-2.13
54995,-0.45,0.45,-3.32
55016,-0.45,0.45,-2.59
55036,-0.60,0.60,-3.75
55057,-0.60,0.60,-3.01
55077,-0.60,0.60,-2.52
55098,-0.60,0.60,-2.19
55118,-0.60,0.60,-1.97
55139,-0.45,0.45,-0.19
55159,-0.45,0.45,-0.51
55180,-0.30,0.30,0.91
55200,-0.15,0.15,1.99
55221,-0.15,0.15,1.20
55241,0.00,0.00,2.31
55262,0.00,0.00,1.54
55282,0.00,0.00,1.03
55303,-0.15,0.15,-0.95
55323,-0.30,0.30,-2.40
55344,-0.45,0.45,-3.49
55364,-0.75,0.75,-5.99
55385,-0.90,0.90,-6.27
55405,-1.20,1.20,-8.22
55426,-1.50,1.50,-9.78
55446,-1.80,1.80,-11.07
55467,-2.10,2.10,-12.19
55487,-2.40,2.40,-13.19
55507,-2.70,2.70,-14.11
55528,-3.00,3.00,-14.99
55548,-3.30,3.30,-15.00
55569,-3.60,3.60,-15.00
55589,-3.75,3.75,-15.00
55610,-3.90,3.90,-15.00
55630,-4.05,4.05,-15.00
55651,-4.05,4.05,-13.59
55671,-4.20,4.20,-14.15
55692,-4.20,4.20,-13.02
55712,-4.20,4.20,-12.26
55733,-4.20,4.20,-11.76
55753,-4.35,4.35,-13.06
55774,-4.35,4.35,-12.41
55794,-4.35,4.35,-11.99
55815,-4.50,4.50,-13.34
55835,-4.50,4.50,-12.73
55856,-4.65,4.65,-13.96
55876,-4.65,4.65,-13.27
55897,-4.65,4.65,-12.81
55917,-4.50,4.50,-10.87
55938,-4.35,4.35,-9.45
55958,-4.05,4.05,-6.74
55979,-3.75,3.75,-4.67
55999,-3.30,3.30,-1.40
56019,-3.00,3.00,-0.48
56040,-2.55,2.55,2.03
56060,-2.25,2.25,2.46
56081,-1.95,1.95,2.99
56101,-1.80,1.80,1.97
56122,-1.65,1.65,1.41
56142,-1.50,1.50,1.17
56163,-1.35,1.35,1.14
56183,-1.35,1.35,-0.39
56204,-1.35,1.35,-1.41
56224,-1.50,1.50,-3.73
56245,-1.50,1.50,-3.77
56265,-1.65,1.65,-5.43
56286,-1.65,1.65,-5.03
56306,-1.80,1.80,-6.39
56327,-1.80,1.80,-5.80
56347,-1.80,1.80,-5.40
56368,-1.80,1.80,-5.14
56388,-1.80,1.80,-4.96
56409,-1.80,1.80,-4.84
56429,-1.65,1.65,-3.13
56450,-1.65,1.65,-3.49
56470,-1.50,1.50,-2.10
56491,-1.35,1.35,-1.04
56511,-1.05,1.05,1.43
56531,-0.90,0.90,1.69
56552,-0.75,0.75,2.00
56572,-0.60,0.60,2.33
56593,-0.45,0.45,2.68
56613,-0.30,0.30,3.04
56634,-0.30,0.30,1.77
56654,-0.30,0.30,0.92
56675,-0.30,0.30,0.36
56695,-0.30,0.30,-0.02
56716,-0.30,0.30,-0.27
56736,-0.45,0.45,-2.07
56757,-0.30,0.30,-0.13
56777,-0.30,0.30,-0.34
56798,0.00,0.00,2.79
56818,0.15,-0.15,3.50
56839,0.60,-0.60,7.37
56859,1.05,-1.05,10.34
56880,1.50,-1.50,12.70
56900,1.95,-1.95,14.65
56921,2.40,-2.40,15.00
56941,2.70,-2.70,15.00
56962,3.15,-3.15,15.00
56982,3.45,-3.45,15.00
57003,3.90,-3.90,15.00
57023,4.20,-4.20,15.00
57043,4.80,-4.80,15.00
57064,5.25,-5.25,15.00
57084,5.85,-5.85,15.00
57105,6.30,-6.30,15.00
57125,7.05,-7.05,15.00
57146,7.65,-7.65,15.00
57166,8.25,-8.25,15.00
57187,8.85,-8.85,15.00
57207,9.45,-9.45,15.00
57228,10.20,-10.20,15.00
57248,10.95,-10.95,15.00
57269,11.55,-11.55,15.00
57289,12.30,-12.30,15.00
57310,12.90,-12.90,15.00
57330,13.65,-13.65,15.00
57351,14.25,-14.25,15.00
57371,14.85,-14.85,15.00
57392,15.45,-15.45,15.00
57412,16.05,-16.05,15.00
57433,16.65,-16.65,15.00
57453,17.25,-17.25,15.00
57474,17.85,-17.85,15.00
57494,18.45,-18.45,15.00
57515,19.05,-19.05,15.00
57535,19.50,-19.50,15.00
57555,20.10,-20.10,15.00
57576,20.70,-20.70,15.00
57596,21.30,-21.30,15.00
57617,21.90,-21.90,15.00
57637,22.50,-22.50,15.00
57658,23.25,-23.25,15.00
57678,23.85,-23.85,15.00
57699,24.60,-24.60,15.00
57719,25.05,-25.05,15.00
57740,25.80,-25.80,15.00
57760,26.40,-26.40,15.00
57781,27.30,-27.30,15.00
57801,28.05,-28.05,15.00
57822,28.65,-28.65,15.00
57842,28.50,-28.50,15.00
57863,28.65,-28.65,15.00
57883,28.80,-28.80,15.00
57904,28.80,-28.80,15.00
57924,28.50,-28.50,15.00
57945,28.35,-28.35,15.00
57965,28.20,-28.20,15.00
57986,28.05,-28.05,15.00
58006,27.90,-27.90,15.00
58027,27.75,-27.75,15.00
58047,27.30,-27.30,15.00
58067,26.55,-26.55,15.00
58088,25.65,-25.65,15.00
58108,25.05,-25.05,15.00
58129,24.60,-24.60,15.00
58149,24.00,-24.00,15.00
58170,23.55,-23.55,15.00
58190,22.95,-22.95,15.00
58211,22.50,-22.50,15.00
58231,22.20,-22.20,15.00
58252,21.75,-21.75,15.00
58272,21.45,-21.45,15.00
58293,21.15,-21.15,15.00
58313,20.85,-20.85,15.00
58334,20.70,-20.70,15.00
58354,20.55,-20.55,15.00
58375,20.40,-20.40,15.00
58395,20.25,-20.25,15.00
58416,20.10,-20.10,15.00
58436,20.10,-20.10,15.00
58457,20.10,-20.10,15.00
58477,20.10,-20.10,15.00
58498,20.10,-20.10,15.00
58518,20.10,-20.10,15.00
58539,20.10,-20.10,15.00
58559,20.10,-20.10,15.00
58579,20.25,-20.25,15.00
58600,20.25,-20.25,15.00
58620,20.40,-20.40,15.00
58641,20.55,-20.55,15.00
58661,20.85,-20.85,15.00
58682,21.15,-21.15,15.00
58702,21.45,-21.45,15.00
58723,21.75,-21.75,15.00
58743,22.05,-22.05,15.00
58764,22.50,-22.50,15.00
58784,22.80,-22.80,15.00
58805,22.95,-22.95,15.00
58825,23.10,-23.10,15.00
58846,23.25,-23.25,15.00
58866,23.10,-23.10,15.00
58887,22.95,-22.95,15.00
58907,22.95,-22.95,15.00
58928,22.95,-22.95,15.00
58948,22.80,-22.80,15.00
58969,22.50,-22.50,15.00
58989,21.90,-21.90,15.00
59010,21.45,-21.45,15.00
59030,21.00,-21.00,15.00
59051,20.55,-20.55,15.00
59071,19.95,-19.95,15.00
59091,19.35,-19.35,15.00
59112,18.90,-18.90,15.00
59132,18.45,-18.45,15.00
59153,17.85,-17.85,15.00
59173,17.40,-17.40,15.00
59194,16.95,-16.95,15.00
59214,16.50,-16.50,15.00
59235,15.90,-15.90,15.00
59255,15.45,-15.45,15.00
59276,15.00,-15.00,15.00
59296,14.40,-14.40,15.00
59317,13.95,-13.95,15.00
59337,13.50,-13.50,15.00
59358,13.05,-13.05,15.00
59378,12.45,-12.45,15.00
59399,12.00,-12.00,15.00
59419,11.40,-11.40,15.00
59440,10.95,-10.95,15.00
59460,10.20,-10.20,11.44
59481,9.60,-9.60,9.78
59501,9.00,-9.00,8.16
59522,8.25,-8.25,4.93
59542,7.50,-7.50,2.14
59563,6.75,-6.75,-0.36
59583,6.00,-6.00,-2.67
59603,5.40,-5.40,-3.21
59624,4.80,-4.80,-4.08
59644,4.35,-4.35,-3.54
59665,3.90,-3.90,-3.56
59685,3.75,-3.75,-0.68
59706,3.45,-3.45,-0.53
59726,3.30,-3.30,0.95
59747,3.15,-3.15,1.81
59767,3.15,-3.15,3.89
59788,3.00,-3.00,3.65
59808,3.00,-3.00,4.99
59829,2.85,-2.85,4.25
59849,2.85,-2.85,5.26
59870,2.70,-2.70,4.30
59890,2.55,-2.55,3.53
59911,2.40,-2.40,2.89
59931,2.25,-2.25,2.34
59952,2.10,-2.10,1.84
59972,1.80,-1.80,-0.25
59993,1.65,-1.65,-0.27
60013,1.35,-1.35,-2.05
60034,1.20,-1.20,-1.85
60054,0.90,-0.90,-3.48
60075,0.75,-0.75,-3.19
60095,0.45,-0.45,-4.76
60115,0.45,-0.45,-2.79
60136,0.15,-0.15,-4.75
60156,0.15,-0.15,-3.04
60177,-0.15,0.15,-5.17
60197,0.00,0.00,-1.94
60218,-0.15,0.15,-2.93
60238,-0.15,0.15,-2.08
60259,-0.15,0.15,-1.52
60279,0.00,0.00,0.50
60300,0.00,0.00,0.33
60320,0.00,0.00,0.22
60341,0.15,-0.15,1.78
60361,0.15,-0.15,1.32
60382,0.15,-0.15,1.01
60402,0.15,-0.15,0.80
60423,0.15,-0.15,0.66
60443,0.15,-0.15,0.57
60464,0.00,0.00,-1.13
60484,-0.30,0.30,-4.03
60505,-0.60,0.60,-6.21
60525,-0.90,0.90,-7.93
60546,-1.20,1.20,-9.33
60566,-1.65,1.65,-12.15
60587,-1.80,1.80,-11.15
60607,-2.10,2.10,-12.24
60627,-2.40,2.40,-13.22
60648,-2.70,2.70,-14.14
60668,-2.85,2.85,-13.36
60689,-3.15,3.15,-14.61
60709,-3.45,3.45,-15.00
60730,-3.60,3.60,-15.00
60750,-3.75,3.75,-14.74
60771,-4.05,4.05,-15.00
60791,-4.20,4.20,-15.00
60812,-4.35,4.35,-15.00
60832,-4.50,4.50,-15.00
60853,-4.65,4.65,-15.00
60873,-4.95,4.95,-15.00
60894,-5.10,5.10,-15.00
60914,-5.40,5.40,-15.00
60935,-5.55,5.55,-15.00
60955,-5.85,5.85,-15.00
60976,-6.15,6.15,-15.00
60996,-6.30,6.30,-15.00
61017,-6.60,6.60,-15.00
61037,-6.90,6.90,-15.00
61058,-7.20,7.20,-15.00
61078,-7.35,7.35,-15.00
61099,-7.65,7.65,-15.00
61119,-7.95,7.95,-15.00
61139,-8.25,8.25,-15.00
61160,-8.55,8.55,-15.00
61180,-8.70,8.70,-15.00
61201,-9.00,9.00,-15.00
61221,-9.15,9.15,-15.00
61242,-9.30,9.30,-15.00
61262,-9.45,9.45,-15.00
61283,-9.60,9.60,-15.00
61303,-9.75,9.75,-15.00
61324,-9.75,9.75,-15.00
61344,-9.90,9.90,-15.00
61365,-9.90,9.90,-15.00
61385,-9.75,9.75,-15.00
61406,-9.75,9.75,-15.00
61426,-9.60,9.60,-15.00
61447,-9.30,9.30,-15.00
61467,-9.00,9.00,-15.00
61488,-8.55,8.55,-14.98
61508,-8.25,8.25,-14.00
61529,-7.65,7.65,-9.82
61549,-7.05,7.05,-6.53
61570,-6.45,6.45,-3.82
61590,-5.55,5.55,1.78
61611,-4.80,4.80,4.63
61631,-3.90,3.90,8.82
61651,-3.15,3.15,10.74
61672,-2.40,2.40,12.65
61692,-1.80,1.80,12.94
61713,-1.35,1.35,12.00
61733,-1.05,1.05,10.12
61754,-0.75,0.75,9.13
61774,-0.60,0.60,7.08
61795,-0.60,0.60,4.21
61815,-0.60,0.60,2.29
61836,-0.75,0.75,-0.62
61856,-0.90,0.90,-2.69
61877,-1.05,1.05,-4.20
61897,-1.20,1.20,-5.33
61918,-1.35,1.35,-6.21
61938,-1.35,1.35,-5.29
61959,-1.35,1.35,-4.68
61979,-1.35,1.35,-4.27
62000,-1.35,1.35,-4.00
62020,-1.20,1.20,-2.18
62041,-1.05,1.05,-0.84
62061,-0.90,0.90,0.18
62082,-0.75,0.75,0.99
62102,-0.45,0.45,3.29
62123,-0.30,0.30,3.45
62143,-0.15,0.15,3.68
62163,-0.15,0.15,2.33
62184,0.00,0.00,3.06
62204,0.00,0.00,2.04
62225,0.15,-0.15,3.00
62245,0.15,-0.15,2.13
62266,0.30,-0.30,3.18
62286,0.30,-0.30,2.38
62307,0.30,-0.30,1.84
62327,0.30,-0.30,1.48
62348,0.30,-0.30,1.24
62368,0.15,-0.15,-0.55
62389,0.00,0.00,-1.88
62409,-0.15,0.15,-2.89
62430,-0.30,0.30,-3.69
62450,-0.45,0.45,-4.35
62471,-0.45,0.45,-3.29
62491,-0.60,0.60,-4.21
62512,-0.60,0.60,-3.32
62532,-0.60,0.60,-2.72
62553,-0.60,0.60,-2.33
62573,-0.45,0.45,-0.43
62594,-0.30,0.30,0.97
62614,-0.15,0.15,2.03
62635,0.00,0.00,2.86
62655,0.15,-0.15,3.54
62675,0.30,-0.30,4.13
62696,0.60,-0.60,6.28
62716,0.75,-0.75,6.34
62737,0.90,-0.90,6.50
62757,1.05,-1.05,6.74
62778,1.05,-1.05,5.39
62798,1.05,-1.05,4.49
62819,1.05,-1.05,3.89
62839,1.05,-1.05,3.49
62860,0.90,-0.90,1.58
62880,0.75,-0.75,0.19
62901,0.60,-0.60,-0.87
62921,0.45,-0.45,-1.71
62942,0.45,-0.45,-0.75
62962,0.45,-0.45,-0.12
62983,0.60,-0.60,1.94
63003,0.75,-0.75,3.44
63024,1.05,-1.05,6.21
63044,1.35,-1.35,8.31
63065,1.65,-1.65,9.96
63085,1.95,-1.95,11.32
63106,2.25,-2.25,12.49
63126,2.55,-2.55,13.52
63147,2.85,-2.85,14.46
63167,3.00,-3.00,13.71
63187,3.30,-3.30,14.97
63208,3.45,-3.45,14.43
63228,3.75,-3.75,15.00
63249,4.05,-4.05,15.00
63269,4.20,-4.20,15.00
63290,4.50,-4.50,15.00
63310,4.65,-4.65,15.00
63331,4.95,-4.95,15.00
63351,5.10,-5.10,15.00
63372,5.25,-5.25,15.00
63392,5.55,-5.55,15.00
63413,5.70,-5.70,15.00
63433,5.85,-5.85,15.00
63454,6.00,-6.00,15.00
63474,6.30,-6.30,15.00
63495,6.45,-6.45,15.00
63515,6.75,-6.75,15.00
63536,7.05,-7.05,15.00
63556,7.35,-7.35,15.00
63577,7.65,-7.65,15.00
63597,7.95,-7.95,15.00
63618,8.10,-8.10,15.00
63638,8.40,-8.40,15.00
63659,8.70,-8.70,15.00
63679,8.85,-8.85,15.00
63699,9.00,-9.00,15.00
63720,9.15,-9.15,15.00
63740,9.30,-9.30,15.00
63761,9.30,-9.30,15.00
63781,9.30,-9.30,15.00
63802,9.30,-9.30,15.00
63822,9.15,-9.15,15.00
63843,9.00,-9.00,15.00
63863,8.85,-8.85,15.00
63884,8.55,-8.55,15.00
63904,8.10,-8.10,14.29
63925,7.80,-7.80,13.16
63945,7.35,-7.35,10.52
63966,6.75,-6.75,6.73
63986,6.15,-6.15,3.70
64007,5.55,-5.55,1.16
64027,4.80,-4.80,-2.68
64048,4.20,-4.20,-4.24
64068,3.60,-3.60,-5.79
64089,3.00,-3.00,-7.34
64109,2.55,-2.55,-7.24
64130,2.10,-2.10,-7.56
64150,1.80,-1.80,-6.53
64171,1.65,-1.65,-4.45
64191,1.50,-1.50,-3.20
64211,1.50,-1.50,-0.85
64232,1.50,-1.50,0.71
64252,1.50,-1.50,1.75
64273,1.65,-1.65,4.08
64293,1.65,-1.65,4.13
64314,1.65,-1.65,4.16
64334,1.80,-1.80,5.82
64355,1.80,-1.80,5.41
64375,1.95,-1.95,6.78
64396,1.95,-1.95,6.18
64416,2.10,-2.10,7.42
64437,2.10,-2.10,6.74
64457,1.95,-1.95,4.65
64478,1.95,-1.95,4.76
64498,1.80,-1.80,3.20
64519,1.50,-1.50,0.40
64539,1.35,-1.35,-0.09
64560,1.05,-1.05,-2.18
64580,0.75,-0.75,-3.83
64601,0.45,-0.45,-5.19
64621,0.45,-0.45,-3.08
64642,0.90,-0.90,3.24
64662,1.20,-1.20,6.20
64683,1.80,-1.80,11.71
64703,2.70,-2.70,15.00
64723,3.45,-3.45,15.00
64744,4.20,-4.20,15.00
64764,4.65,-4.65,15.00
64785,4.95,-4.95,15.00
64805,5.25,-5.25,15.00
64826,5.40,-5.40,15.00
64846,5.70,-5.70,15.00
64867,5.85,-5.85,15.00
64887,6.00,-6.00,15.00
64908,6.00,-6.00,15.00
64928,6.15,-6.15,15.00
64949,6.45,-6.45,15.00
64969,6.90,-6.90,15.00
64990,7.35,-7.35,15.00
65010,8.10,-8.10,15.00
65031,8.85,-8.85,15.00
65051,9.60,-9.60,15.00
65072,10.35,-10.35,15.00
65092,10.95,-10.95,15.00
65113,11.55,-11.55,15.00
65133,12.00,-12.00,15.00
65154,12.60,-12.60,15.00
65174,13.05,-13.05,15.00
65195,13.50,-13.50,15.00
65215,13.95,-13.95,15.00
65235,14.55,-14.55,15.00
65256,15.00,-15.00,15.00
65276,15.45,-15.45,15.00
65297,16.05,-16.05,15.00
65317,16.65,-16.65,15.00
65338,17.25,-17.25,15.00
65358,17.85,-17.85,15.00
65379,18.45,-18.45,15.00
65399,19.05,-19.05,15.00
65420,19.65,-19.65,15.00
65440,20.25,-20.25,15.00
65461,21.00,-21.00,15.00
65481,21.60,-21.60,15.00
65502,22.35,-22.35,15.00
65522,23.10,-23.10,15.00
65543,23.85,-23.85,15.00
65563,24.60,-24.60,15.00
65584,25.50,-25.50,15.00
65604,26.25,-26.25,15.00
65625,27.00,-27.00,15.00
65645,27.60,-27.60,15.00
65666,27.90,-27.90,15.00
65686,28.50,-28.50,15.00
65707,28.05,-28.05,15.00
65727,27.30,-27.30,15.00
65747,26.40,-26.40,15.00
65768,25.35,-25.35,15.00
65788,24.45,-24.45,15.00
65809,24.60,-24.60,15.00
65829,24.45,-24.45,15.00
65850,24.00,-24.00,15.00
65870,24.15,-24.15,15.00
65891,24.15,-24.15,15.00
65911,23.85,-23.85,15.00
65932,22.95,-22.95,15.00
65952,22.05,-22.05,15.00
65973,20.55,-20.55,15.00
65993,20.10,-20.10,15.00
66014,19.20,-19.20,15.00
66034,18.00,-18.00,15.00
66055,16.95,-16.95,15.00
66075,16.20,-16.20,15.00
66096,15.45,-15.45,15.00
66116,14.55,-14.55,15.00
66137,13.35,-13.35,9.68
66157,12.30,-12.30,6.38
66178,11.10,-11.10,1.65
66198,9.90,-9.90,-2.53
66219,8.55,-8.55,-7.97
66239,7.35,-7.35,-11.12
66259,6.30,-6.30,-12.60
66280,5.25,-5.25,-14.48
66300,4.50,-4.50,-13.36
66321,3.75,-3.75,-13.25
66341,3.30,-3.30,-10.55
66362,2.85,-2.85,-9.13
66382,2.55,-2.55,-6.93
66403,1.95,-1.95,-8.99
66423,1.20,-1.20,-12.52
66444,0.30,-0.30,-15.00
66464,-0.60,0.60,-15.00
66485,-1.65,1.65,-15.00
66505,-2.70,2.70,-15.00
66526,-3.60,3.60,-15.00
66546,-4.20,4.20,-15.00
66567,-4.80,4.80,-15.00
66587,-5.25,5.25,-15.00
66608,-5.70,5.70,-15.00
66628,-6.15,6.15,-15.00
66649,-6.45,6.45,-15.00
66669,-6.90,6.90,-15.00
66690,-7.35,7.35,-15.00
66710,-7.80,7.80,-15.00
66731,-8.40,8.40,-15.00
66751,-8.85,8.85,-15.00
66771,-9.45,9.45,-15.00
66792,-10.05,10.05,-15.00
66812,-10.50,10.50,-15.00
66833,-10.80,10.80,-15.00
66853,-11.25,11.25,-15.00
66874,-11.40,11.40,-15.00
66894,-11.70,11.70,-15.00
66915,-11.85,11.85,-15.00
66935,-11.85,11.85,-15.00
66956,-11.85,11.85,-15.00
66976,-11.85,11.85,-15.00
66997,-11.85,11.85,-15.00
67017,-11.70,11.70,-15.00
67038,-11.70,11.70,-15.00
67058,-11.40,11.40,-15.00
67079,-11.25,11.25,-15.00
67099,-10.95,10.95,-15.00
67120,-10.65,10.65,-15.00
67140,-10.20,10.20,-15.00
67161,-9.75,9.75,-15.00
67181,-9.30,9.30,-14.22
67202,-8.70,8.70,-10.87
67222,-8.10,8.10,-8.12
67243,-7.20,7.20,-2.50
67263,-6.45,6.45,0.38
67283,-5.55,5.55,4.57
67304,-4.80,4.80,6.50
67324,-4.05,4.05,8.42
67345,-3.60,3.60,7.07
67365,-3.15,3.15,6.55
67386,-2.85,2.85,4.96
67406,-2.70,2.70,2.51
67427,-2.70,2.70,-0.63
67447,-2.55,2.55,-1.09
67468,-1.80,1.80,5.29
67488,-1.50,1.50,5.26
67509,-0.90,0.90,8.78
67529,-0.15,0.15,13.27
67550,0.75,-0.75,15.00
67570,1.65,-1.65,15.00
67591,2.25,-2.25,15.00
67611,2.55,-2.55,15.00
67632,2.85,-2.85,15.00
67652,2.85,-2.85,15.00
67673,2.85,-2.85,12.59
67693,2.70,-2.70,9.19
67714,2.55,-2.55,6.79
67734,2.10,-2.10,1.79
67755,1.80,-1.80,-0.29
67775,1.35,-1.35,-3.57
67795,0.90,-0.90,-6.14
67816,0.45,-0.45,-8.23
67836,0.00,0.00,-10.02
67857,-0.30,0.30,-9.95
67877,-0.60,0.60,-10.16
67898,-0.60,0.60,-7.29
67918,-0.75,0.75,-7.01
67939,-0.75,0.75,-5.31
67959,-0.75,0.75,-4.18
67980,-0.60,0.60,-1.79
68000,-0.60,0.60,-1.70
68021,-0.60,0.60,-1.65
68041,-0.60,0.60,-1.61
68062,-0.60,0.60,-1.59
68082,-0.60,0.60,-1.57
68103,-0.75,0.75,-3.19
68123,-0.60,0.60,-1.13
68144,-0.75,0.75,-2.90
68164,-0.60,0.60,-0.94
68185,-0.60,0.60,-1.14
68205,-0.45,0.45,0.37
68226,-0.45,0.45,-0.14
68246,-0.30,0.30,1.16
68267,-0.30,0.30,0.52
68287,-0.30,0.30,0.09
68307,-0.45,0.45,-1.83
68328,-0.45,0.45,-1.61
68348,-0.60,0.60,-3.09
68369,-0.75,0.75,-4.21
68389,-1.05,1.05,-6.72
68410,-1.20,1.20,-7.01
68430,-1.35,1.35,-7.33
68451,-1.50,1.50,-7.68
68471,-1.65,1.65,-8.03
68492,-1.65,1.65,-6.76
68512,-1.50,1.50,-4.28
68533,-1.35,1.35,-2.50
68553,-1.20,1.20,-1.18
68574,-0.90,0.90,1.46
68594,-0.60,0.60,3.48
68615,-0.30,0.30,5.08
68635,0.00,0.00,6.41
68656,0.15,-0.15,5.91
68676,0.30,-0.30,5.70
68697,0.45,-0.45,5.69
68717,0.45,-0.45,4.18
68738,0.30,-0.30,1.53
68758,0.15,-0.15,-0.36
68779,0.00,0.00,-1.75
68799,-0.30,0.30,-4.44
68819,-0.60,0.60,-6.49
68840,-0.90,0.90,-8.11
68860,-1.05,1.05,-7.81
68881,-1.20,1.20,-7.74
68901,-1.20,1.20,-6.18
68922,-1.35,1.35,-6.78
68942,-1.20,1.20,-4.04
68963,-1.20,1.20,-3.71
68983,-1.05,1.05,-1.86
69004,-1.05,1.05,-2.14
